PLAYER_ID,PLAYER_NAME,TEAM_ABBREVIATION,GP,MIN,PTS,REB,AST,STL,BLK,FG_PCT,FG3_PCT,FT_PCT,TOV,PLUS_MINUS
2544,LeBron James,LAL,70,34.921,24.429,7.8,8.214,1.0,0.557,0.511,0.349,0.751,3.714,-0.771
101108,Chris Paul,SAS,82,27.953,8.817,3.61,7.378,1.256,0.268,0.433,0.387,0.483,1.573,0.049
200768,Kyle Lowry,PHI,35,18.841,3.943,1.914,2.743,0.943,0.314,0.264,0.246,0.257,0.6,-2.029
200782,P.J. Tucker,NYK,3,19.289,3.0,2.667,0.0,0.333,0.333,0.3,0.333,0.0,0.333,-7.333
201142,Kevin Durant,PHX,62,36.527,26.565,6.032,4.242,0.806,1.242,0.535,0.466,0.807,3.065,-0.613
201143,Al Horford,BOS,60,27.643,8.967,6.15,2.133,0.6,0.85,0.411,0.34,0.254,0.767,6.617
201144,Mike Conley,MIN,71,24.73,8.197,2.563,4.493,1.113,0.197,0.39,0.409,0.407,1.056,3.732
201145,Jeff Green,HOU,32,12.389,5.375,1.812,0.625,0.188,0.125,0.474,0.326,0.23,0.281,-1.188
201566,Russell Westbrook,DEN,75,27.897,13.253,4.933,6.093,1.413,0.493,0.454,0.292,0.526,3.227,-0.32
201567,Kevin Love,MIA,23,10.933,5.304,4.087,0.957,0.652,0.174,0.277,0.248,0.239,0.609,-1.087
201569,Eric Gordon,PHI,39,19.705,6.821,1.179,1.667,0.667,0.308,0.376,0.339,0.36,0.718,-1.846
201572,Brook Lopez,MIL,80,31.826,13.012,5.012,1.788,0.625,1.85,0.508,0.357,0.533,1.05,1.675
201587,Nicolas Batum,LAC,78,17.53,4.013,2.795,1.077,0.667,0.462,0.371,0.371,0.115,0.436,1.949
201599,DeAndre Jordan,DEN,56,12.334,3.732,5.071,0.946,0.286,0.482,0.584,0.0,0.154,0.714,-0.839
201935,James Harden,LAC,79,35.304,22.81,5.772,8.696,1.494,0.696,0.41,0.345,0.86,4.316,4.354
201939,Stephen Curry,GSW,70,32.178,24.543,4.429,6.014,1.143,0.429,0.445,0.392,0.842,2.857,4.271
201942,DeMar DeRozan,SAC,77,35.943,22.208,3.87,4.442,0.805,0.416,0.479,0.3,0.834,1.364,1.429
201949,James Johnson,IND,12,3.051,0.667,0.5,0.333,0.0,0.167,0.181,0.0,0.0,0.333,-0.75
201950,Jrue Holiday,BOS,62,30.582,11.065,4.274,3.855,1.065,0.435,0.439,0.321,0.392,1.242,5.468
201959,Taj Gibson,CHA,37,11.05,2.892,3.243,0.568,0.243,0.486,0.439,0.014,0.16,0.676,-3.351
201988,Patty Mills,LAC,12,5.047,3.083,0.083,0.417,0.083,0.0,0.312,0.312,0.208,0.083,-1.083
201988,Patty Mills,UTA,17,15.299,4.353,1.235,1.235,0.706,0.176,0.276,0.236,0.176,0.941,-0.118
202066,Garrett Temple,TOR,28,8.099,1.893,1.036,1.107,0.607,0.071,0.148,0.11,0.17,0.357,-1.0
202331,Paul George,PHI,41,32.527,16.22,5.341,4.341,1.829,0.488,0.421,0.345,0.565,2.585,-2.024
202681,Kyrie Irving,DAL,50,36.076,24.68,4.8,4.62,1.32,0.46,0.477,0.373,0.847,2.22,2.48
202684,Tristan Thompson,CLE,40,8.204,1.725,3.35,0.6,0.05,0.275,0.311,0.0,0.073,0.35,-2.125
202685,Jonas Valančiūnas,SAC,32,16.917,8.719,6.969,1.75,0.469,0.562,0.546,0.031,0.641,1.0,0.75
202685,Jonas Valančiūnas,WAS,49,20.049,11.51,8.245,2.204,0.449,0.571,0.559,0.102,0.709,1.796,-6.694
202687,Bismack Biyombo,SAS,28,18.839,5.143,5.643,1.107,0.571,0.821,0.519,0.0,0.138,0.964,-3.571
202691,Klay Thompson,DAL,72,27.286,13.958,3.417,2.014,0.694,0.417,0.403,0.368,0.37,1.222,-1.097
202692,Alec Burks,MIA,49,17.622,7.265,2.531,1.122,0.571,0.143,0.385,0.356,0.307,0.592,2.245
202693,Markieff Morris,DAL,7,5.81,1.714,1.143,0.571,0.143,0.143,0.157,0.179,0.0,0.286,-1.429
202693,Markieff Morris,LAL,8,15.471,5.5,1.875,2.125,0.125,0.25,0.406,0.362,0.312,0.375,-2.25
202695,Kawhi Leonard,LAC,37,31.891,21.514,5.919,3.135,1.595,0.459,0.497,0.39,0.712,1.946,8.0
202696,Nikola Vučević,CHI,73,31.209,18.479,10.068,3.507,0.836,0.712,0.536,0.394,0.527,1.63,-1.342
202699,Tobias Harris,DET,73,31.581,13.726,5.918,2.219,1.014,0.781,0.475,0.301,0.607,1.164,2.562
202704,Reggie Jackson,PHI,31,12.387,4.387,1.355,1.452,0.516,0.097,0.346,0.263,0.129,0.548,-0.613
202709,Cory Joseph,ORL,50,12.235,3.54,1.48,1.44,0.52,0.08,0.355,0.293,0.136,0.36,0.7
202710,Jimmy Butler III,GSW,30,32.677,17.933,5.5,5.933,1.667,0.267,0.479,0.274,0.864,1.467,6.267
202710,Jimmy Butler III,MIA,25,30.633,17.04,5.24,4.8,1.08,0.4,0.526,0.307,0.706,1.2,2.32
203076,Anthony Davis,DAL,9,29.556,20.0,10.111,4.444,0.556,2.222,0.473,0.233,0.631,2.222,0.444
203076,Anthony Davis,LAL,42,34.273,25.738,11.881,3.357,1.286,2.143,0.517,0.233,0.723,2.214,0.5
203078,Bradley Beal,PHX,53,32.117,17.019,3.34,3.679,1.094,0.528,0.481,0.365,0.532,1.868,-5.151
203081,Damian Lillard,MIL,58,36.084,24.948,4.69,7.069,1.207,0.172,0.44,0.37,0.906,2.793,0.914
203083,Andre Drummond,PHI,40,18.766,7.325,7.75,0.85,0.975,0.45,0.497,0.05,0.473,1.375,-6.125
203084,Harrison Barnes,SAS,82,27.196,12.329,3.78,1.659,0.476,0.171,0.483,0.403,0.578,0.61,-0.305
203109,Jae Crowder,SAC,9,11.418,2.556,2.222,0.667,0.333,0.0,0.185,0.194,0.093,0.444,-2.0
203110,Draymond Green,GSW,68,29.166,9.015,6.088,5.632,1.456,1.029,0.408,0.28,0.488,2.559,4.044
203114,Khris Middleton,MIL,23,23.217,12.609,3.696,4.435,0.739,0.217,0.45,0.34,0.486,1.609,2.522
203114,Khris Middleton,WAS,14,22.085,10.714,3.714,3.429,1.286,0.214,0.426,0.248,0.679,1.357,-1.357
203458,Alex Len,LAL,10,12.212,2.2,3.1,0.8,0.1,0.3,0.23,0.05,0.025,0.9,-5.8
203458,Alex Len,SAC,36,7.158,1.444,1.778,0.833,0.222,0.5,0.35,0.028,0.093,0.306,-2.639
203468,CJ McCollum,NOP,56,32.709,21.125,3.786,4.054,0.821,0.429,0.426,0.338,0.63,1.893,-4.982
203471,Dennis Schröder,BKN,23,33.571,18.435,2.957,6.609,1.13,0.174,0.451,0.372,0.679,2.565,-0.087
203471,Dennis Schröder,DET,28,25.163,10.786,2.643,5.25,0.536,0.179,0.374,0.254,0.655,1.25,2.143
203471,Dennis Schröder,GSW,24,26.17,10.583,2.333,4.375,1.042,0.125,0.378,0.35,0.531,2.0,-5.417
203482,Kelly Olynyk,NOP,20,25.408,10.65,5.85,3.6,0.85,0.55,0.478,0.362,0.566,2.05,-0.9
203482,Kelly Olynyk,TOR,24,15.951,7.125,3.708,2.333,0.667,0.333,0.511,0.335,0.427,1.458,-1.667
203484,Kentavious Caldwell-Pope,ORL,77,29.598,8.74,2.195,1.766,1.286,0.442,0.415,0.312,0.473,0.805,0.143
203486,Mason Plumlee,PHX,74,17.568,4.5,6.149,1.811,0.446,0.635,0.544,0.0,0.366,0.797,0.73
203497,Rudy Gobert,MIN,72,33.173,12.028,10.903,1.764,0.778,1.444,0.674,0.0,0.587,1.236,4.542
203500,Steven Adams,HOU,58,13.691,3.879,5.638,1.138,0.379,0.483,0.482,0.0,0.244,0.931,2.966
203501,Tim Hardaway Jr.,DET,77,27.958,10.961,2.377,1.597,0.494,0.091,0.393,0.343,0.522,0.623,0.325
203507,Giannis Antetokounmpo,MIL,67,34.159,30.388,11.91,6.463,0.866,1.164,0.607,0.104,0.582,3.075,4.985
203552,Seth Curry,CHA,68,15.617,6.529,1.662,0.882,0.397,0.103,0.382,0.342,0.257,0.471,-2.515
203897,Zach LaVine,CHI,42,34.096,23.976,4.81,4.5,0.929,0.238,0.497,0.428,0.721,2.881,0.238
203897,Zach LaVine,SAC,32,36.577,22.406,3.531,3.781,0.594,0.062,0.505,0.434,0.734,2.719,-2.5
203901,Elfrid Payton,CHA,6,20.552,1.0,2.167,3.333,1.0,0.5,0.097,0.0,0.0,1.167,-9.0
203901,Elfrid Payton,NOP,18,21.527,4.389,3.667,8.111,1.0,0.444,0.304,0.056,0.069,2.889,-5.278
203903,Jordan Clarkson,UTA,37,26.013,16.216,3.189,3.73,0.838,0.243,0.399,0.333,0.696,2.324,-5.514
203914,Gary Harris,ORL,48,14.806,3.021,1.333,0.625,0.542,0.25,0.306,0.255,0.059,0.354,1.792
203915,Spencer Dinwiddie,DAL,79,27.039,11.038,2.646,4.418,0.886,0.215,0.409,0.346,0.574,1.291,-2.81
203924,Jerami Grant,POR,47,32.417,14.404,3.468,2.149,0.872,0.979,0.369,0.362,0.611,1.383,-4.298
203926,Doug McDermott,SAC,42,8.135,3.5,0.524,0.167,0.095,0.048,0.268,0.276,0.028,0.143,0.643
203932,Aaron Gordon,DEN,51,28.367,14.667,4.843,3.216,0.451,0.275,0.523,0.425,0.672,1.431,5.902
203935,Marcus Smart,MEM,19,21.062,8.684,2.263,3.737,1.211,0.316,0.351,0.31,0.354,1.842,4.579
203935,Marcus Smart,WAS,15,18.677,9.333,1.933,2.533,1.067,0.2,0.432,0.338,0.572,1.267,-3.0
203937,Kyle Anderson,GSW,36,15.028,5.25,3.056,2.25,0.722,0.556,0.472,0.236,0.19,0.556,-1.944
203937,Kyle Anderson,MIA,25,18.443,6.72,3.84,2.56,0.56,0.52,0.457,0.193,0.389,0.68,1.92
203939,Dwight Powell,DAL,55,10.016,2.073,2.145,1.0,0.327,0.382,0.358,0.027,0.22,0.327,-0.255
203944,Julius Randle,MIN,69,32.254,18.667,7.058,4.681,0.681,0.232,0.479,0.304,0.72,2.841,2.406
203952,Andrew Wiggins,GSW,43,30.146,17.558,4.581,2.372,0.93,0.767,0.433,0.363,0.685,1.302,-1.279
203952,Andrew Wiggins,MIA,17,32.117,19.0,4.235,3.294,1.176,1.0,0.444,0.345,0.694,2.529,-2.647
203954,Joel Embiid,PHI,19,30.231,23.789,8.158,4.474,0.737,0.947,0.425,0.332,0.839,3.263,-3.0
203957,Dante Exum,DAL,20,18.616,8.7,1.65,2.8,0.6,0.15,0.462,0.377,0.412,1.1,-2.4
203967,Dario Saric,DEN,16,13.149,3.5,3.125,1.438,0.438,0.062,0.3,0.116,0.188,0.938,-3.062
203991,Clint Capela,ATL,55,21.39,8.873,8.527,1.127,0.618,0.964,0.566,0.0,0.348,0.855,-1.436
203992,Bogdan Bogdanović,ATL,24,24.912,10.0,2.75,2.042,0.833,0.25,0.364,0.31,0.478,1.542,-1.833
203992,Bogdan Bogdanović,LAC,30,24.993,11.433,3.1,3.233,0.7,0.167,0.494,0.47,0.381,1.233,5.0
203994,Jusuf Nurkić,CHA,26,18.118,9.154,6.5,2.615,0.654,0.692,0.484,0.224,0.529,1.538,-4.423
203994,Jusuf Nurkić,PHX,25,23.67,8.6,9.16,1.88,0.92,0.64,0.442,0.281,0.539,2.28,-2.76
203995,Vasilije Micic,CHA,36,21.229,7.472,2.417,3.528,0.417,0.0,0.334,0.307,0.365,2.056,-3.583
203995,Vasilije Micic,PHX,5,4.133,0.0,0.4,0.2,0.0,0.0,0.0,0.0,0.0,0.6,1.4
203999,Nikola Jokić,DEN,70,36.725,29.586,12.743,10.229,1.814,0.643,0.585,0.428,0.762,3.286,8.486
204001,Kristaps Porziņģis,BOS,42,28.809,19.476,6.762,2.071,0.738,1.5,0.487,0.418,0.746,1.262,4.119
204060,Joe Ingles,MIN,19,6.005,0.789,0.579,1.211,0.105,0.0,0.061,0.048,0.0,0.474,0.105
204456,T.J. McConnell,IND,79,17.917,9.114,2.443,4.443,1.051,0.266,0.51,0.136,0.241,1.38,-0.709
1626143,Jahlil Okafor,IND,1,3.367,0.0,1.0,1.0,0.0,0.0,0.0,0.0,0.0,0.0,5.0
1626145,Tyus Jones,PHX,81,26.834,10.235,2.42,5.296,0.852,0.099,0.431,0.387,0.263,1.123,-1.136
1626153,Delon Wright,MIL,26,15.562,2.5,1.769,1.846,0.885,0.346,0.221,0.179,0.125,0.538,0.308
1626153,Delon Wright,NYK,14,16.421,4.286,1.429,2.071,0.857,0.214,0.312,0.221,0.161,0.571,-0.5
1626156,D'Angelo Russell,BKN,29,24.727,12.862,2.828,5.552,1.138,0.655,0.346,0.272,0.583,2.0,-1.621
1626156,D'Angelo Russell,LAL,29,26.322,12.379,2.759,4.69,0.793,0.138,0.395,0.334,0.582,1.724,1.621
1626157,Karl-Anthony Towns,NYK,72,34.954,24.431,12.778,3.083,0.986,0.694,0.521,0.417,0.832,2.667,5.25
1626158,Richaun Holmes,WAS,31,17.23,7.419,5.71,1.355,0.29,0.742,0.599,0.0,0.562,0.677,-1.161
1626162,Kelly Oubre Jr.,PHI,60,34.636,15.1,6.133,1.8,1.533,0.5,0.47,0.261,0.559,1.333,-4.3
1626164,Devin Booker,PHX,75,37.266,25.64,4.067,7.053,0.893,0.213,0.453,0.299,0.885,2.933,-2.36
1626166,Cameron Payne,NYK,72,15.139,6.944,1.444,2.819,0.542,0.222,0.364,0.304,0.269,0.722,2.833
1626167,Myles Turner,IND,72,30.189,15.556,6.542,1.542,0.75,2.0,0.482,0.369,0.641,1.708,2.806
1626168,Trey Lyles,SAC,69,19.558,6.536,4.58,1.188,0.594,0.333,0.411,0.319,0.33,0.565,-1.014
1626171,Bobby Portis,MIL,49,25.381,13.878,8.388,2.122,0.714,0.531,0.465,0.329,0.513,1.163,1.939
1626172,Kevon Looney,GSW,76,15.028,4.526,6.079,1.553,0.605,0.487,0.511,0.026,0.286,0.513,1.539
1626179,Terry Rozier,MIA,64,25.91,10.609,3.719,2.609,0.578,0.219,0.369,0.261,0.505,1.219,-2.203
1626181,Norman Powell,LAC,60,32.633,21.767,3.167,2.083,1.217,0.15,0.48,0.422,0.72,1.8,5.867
1626192,Pat Connaughton,MIL,41,14.703,5.268,2.659,1.707,0.22,0.268,0.434,0.273,0.217,0.585,-0.317
1626196,Josh Richardson,MIA,8,18.686,4.0,1.5,1.5,1.0,0.125,0.252,0.279,0.25,1.0,-3.875
1626204,Larry Nance Jr.,ATL,24,19.301,8.458,4.292,1.583,0.833,0.542,0.475,0.342,0.188,0.667,-3.958
1626220,Royce O'Neale,PHX,75,24.492,9.067,4.653,2.173,0.893,0.44,0.41,0.394,0.123,0.867,-2.067
1627732,Ben Simmons,BKN,33,24.991,6.182,5.212,6.939,0.788,0.485,0.513,0.0,0.179,2.667,-2.091
1627732,Ben Simmons,LAC,18,16.389,2.889,3.833,3.111,0.667,0.389,0.365,0.0,0.093,0.778,0.722
1627734,Domantas Sabonis,SAC,70,34.698,19.1,13.886,6.043,0.686,0.371,0.592,0.364,0.675,2.886,2.057
1627736,Malik Beasley,DET,82,27.841,16.293,2.61,1.695,0.89,0.061,0.428,0.412,0.409,1.012,2.134
1627739,Kris Dunn,LAC,74,24.093,6.405,3.392,2.838,1.73,0.365,0.449,0.359,0.099,1.0,3.541
1627741,Buddy Hield,GSW,82,22.719,11.122,3.22,1.634,0.841,0.28,0.392,0.343,0.301,1.11,1.72
1627742,Brandon Ingram,NOP,18,33.057,22.222,5.556,5.167,0.889,0.611,0.454,0.379,0.729,3.833,-7.111
1627746,Skal Labissiere,SAC,4,2.99,1.25,0.75,0.25,0.0,0.0,0.25,0.25,0.0,0.0,-0.25
1627747,Caris LeVert,ATL,26,26.614,14.923,3.692,2.885,0.923,0.538,0.458,0.314,0.615,0.962,0.769
1627747,Caris LeVert,CLE,38,23.793,10.211,2.816,3.684,0.868,0.5,0.429,0.374,0.459,1.342,6.263
1627749,Dejounte Murray,NOP,31,32.65,17.484,6.452,7.355,2.032,0.387,0.391,0.277,0.762,3.419,-6.677
1627750,Jamal Murray,DEN,67,36.095,21.433,3.896,6.015,1.358,0.493,0.467,0.365,0.797,2.06,4.94
1627751,Jakob Poeltl,TOR,57,29.575,14.456,9.596,2.772,1.158,1.246,0.612,0.018,0.49,1.947,-0.649
1627752,Taurean Prince,MIL,80,27.073,8.2,3.588,1.938,0.95,0.188,0.443,0.427,0.244,1.025,-0.275
1627759,Jaylen Brown,BOS,63,34.253,22.19,5.841,4.54,1.159,0.302,0.466,0.318,0.692,2.571,6.381
1627763,Malcolm Brogdon,WAS,24,23.503,12.708,3.792,4.083,0.542,0.208,0.409,0.244,0.757,1.583,-5.042
1627777,Georges Niang,ATL,28,23.002,12.107,2.964,1.571,0.393,0.25,0.433,0.412,0.351,1.214,-0.143
1627777,Georges Niang,CLE,51,20.651,8.725,3.706,1.314,0.333,0.137,0.477,0.394,0.221,0.941,3.882
1627780,Gary Payton II,GSW,62,14.954,6.452,2.984,1.339,0.839,0.274,0.543,0.198,0.206,0.629,0.726
1627783,Pascal Siakam,IND,78,32.665,20.231,6.923,3.372,0.897,0.538,0.517,0.374,0.706,1.397,4.0
1627814,Damion Lee,PHX,25,5.761,3.32,0.8,0.44,0.24,0.0,0.338,0.2,0.35,0.4,1.0
1627824,Guerschon Yabusele,PHI,70,27.068,10.971,5.643,2.114,0.829,0.343,0.464,0.305,0.497,1.243,-1.686
1627826,Ivica Zubac,LAC,80,32.802,16.75,12.625,2.675,0.688,1.125,0.623,0.0,0.543,1.588,6.425
1627827,Dorian Finney-Smith,BKN,20,28.962,10.4,4.55,1.55,0.9,0.6,0.458,0.43,0.18,0.9,2.05
1627827,Dorian Finney-Smith,LAL,43,28.824,7.93,3.628,1.372,0.93,0.256,0.425,0.351,0.174,0.884,6.233
1627832,Fred VanVleet,HOU,60,35.188,14.067,3.683,5.55,1.567,0.417,0.362,0.33,0.524,1.45,4.4
1627884,Derrick Jones Jr.,LAC,77,24.33,10.143,3.416,0.779,1.026,0.429,0.538,0.333,0.435,0.857,3.234
1627936,Alex Caruso,OKC,54,19.271,7.074,2.944,2.537,1.611,0.556,0.409,0.336,0.315,0.685,5.944
1628365,Markelle Fultz,SAC,21,8.765,2.905,0.952,1.286,0.476,0.095,0.374,0.119,0.048,0.714,0.238
1628366,Lonzo Ball,CHI,35,22.201,7.629,3.371,3.286,1.343,0.486,0.389,0.354,0.212,1.171,2.857
1628368,De'Aaron Fox,SAC,45,36.958,24.978,5.0,6.133,1.467,0.444,0.468,0.338,0.773,2.956,0.511
1628368,De'Aaron Fox,SAS,17,34.003,19.706,4.294,6.824,1.471,0.294,0.446,0.269,0.668,2.412,-5.412
1628369,Jayson Tatum,BOS,72,36.442,26.833,8.653,5.986,1.056,0.528,0.447,0.341,0.833,2.903,7.417
1628370,Malik Monk,SAC,65,31.602,17.185,3.769,5.569,0.938,0.585,0.434,0.295,0.662,2.446,1.785
1628371,Jonathan Isaac,ORL,71,15.352,5.352,4.423,0.563,0.859,1.127,0.393,0.195,0.385,0.465,-0.535
1628374,Lauri Markkanen,UTA,47,31.401,18.979,5.915,1.489,0.702,0.362,0.431,0.346,0.743,1.404,-3.957
1628378,Donovan Mitchell,CLE,71,31.437,23.958,4.535,4.986,1.338,0.239,0.443,0.356,0.749,2.099,7.352
1628379,Luke Kennard,MEM,65,22.641,8.862,2.815,3.308,0.769,0.077,0.417,0.362,0.337,1.108,1.877
1628380,Zach Collins,CHI,28,19.716,8.571,6.679,2.107,0.536,0.5,0.492,0.223,0.453,1.321,1.643
1628380,Zach Collins,SAS,36,11.806,4.639,2.806,1.444,0.389,0.417,0.452,0.269,0.229,0.639,-2.083
1628381,John Collins,UTA,40,30.512,18.95,8.175,2.0,0.975,1.0,0.538,0.381,0.894,2.575,-0.4
1628384,OG Anunoby,NYK,74,36.565,18.0,4.838,2.216,1.486,0.878,0.465,0.361,0.632,1.378,4.068
1628386,Jarrett Allen,CLE,82,28.001,13.451,9.732,1.927,0.939,0.89,0.697,0.0,0.582,1.183,6.268
1628389,Bam Adebayo,MIA,78,34.278,18.077,9.603,4.321,1.256,0.679,0.478,0.308,0.693,2.064,0.346
1628392,Isaiah Hartenstein,OKC,57,27.888,11.175,10.719,3.842,0.825,1.088,0.583,0.0,0.427,1.684,7.316
1628396,Tony Bradley,IND,14,8.053,4.357,3.0,0.429,0.143,0.643,0.527,0.071,0.036,0.357,3.143
1628398,Kyle Kuzma,MIL,33,31.802,14.485,5.606,2.212,0.485,0.364,0.462,0.294,0.527,2.212,-0.485
1628398,Kyle Kuzma,WAS,32,27.718,15.188,5.781,2.469,0.625,0.219,0.413,0.213,0.392,2.281,-12.594
1628401,Derrick White,BOS,76,33.863,16.421,4.487,4.75,0.947,1.053,0.442,0.386,0.623,1.724,7.105
1628404,Josh Hart,NYK,77,37.621,13.649,9.571,5.883,1.545,0.351,0.527,0.313,0.565,2.052,2.636
1628408,PJ Dozier,MIN,9,3.88,0.778,0.556,0.556,0.111,0.0,0.222,0.222,0.056,0.111,-0.444
1628415,Dillon Brooks,HOU,75,31.843,14.04,3.667,1.707,0.8,0.213,0.423,0.388,0.451,1.013,2.76
1628418,Thomas Bryant,IND,56,15.144,6.929,3.911,0.875,0.482,0.571,0.481,0.309,0.409,0.5,-1.018
1628418,Thomas Bryant,MIA,10,11.498,4.1,3.2,0.4,0.1,0.9,0.358,0.232,0.6,0.2,2.0
1628420,Monte Morris,PHX,45,12.684,5.178,1.489,1.622,0.444,0.067,0.389,0.264,0.289,0.467,1.044
1628427,Vlatko Čančar,DEN,13,10.448,1.846,2.462,0.692,0.231,0.154,0.219,0.141,0.0,0.846,-1.385
1628436,Luke Kornet,BOS,73,18.645,6.041,5.315,1.603,0.493,0.973,0.564,0.0,0.333,0.425,5.493
1628449,Chris Boucher,TOR,50,17.246,10.04,4.48,0.66,0.48,0.5,0.46,0.305,0.402,0.58,0.1
1628464,Daniel Theis,NOP,38,16.348,4.263,4.316,1.579,0.474,0.526,0.403,0.167,0.317,0.658,-1.605
1628467,Maxi Kleber,DAL,34,18.732,3.029,2.794,1.265,0.265,0.5,0.322,0.213,0.191,0.676,-0.5
1628470,Torrey Craig,BOS,17,11.829,2.706,2.824,0.706,0.353,0.647,0.305,0.265,0.147,0.471,-1.235
1628470,Torrey Craig,CHI,9,12.539,6.889,2.778,0.556,0.222,0.111,0.324,0.285,0.167,0.0,-3.111
1628960,Grayson Allen,PHX,64,24.12,10.625,3.031,2.141,0.844,0.297,0.454,0.428,0.468,1.172,-1.234
1628963,Marvin Bagley III,MEM,12,8.228,3.583,2.333,0.333,0.167,0.25,0.239,0.042,0.208,0.083,1.333
1628963,Marvin Bagley III,WAS,19,8.763,4.895,2.947,0.368,0.368,0.263,0.469,0.035,0.303,0.579,-1.368
1628964,Mo Bamba,LAC,28,12.588,4.571,4.286,0.571,0.321,1.0,0.481,0.254,0.301,0.679,-1.893
1628964,Mo Bamba,NOP,4,15.258,2.5,6.25,0.5,0.0,0.75,0.333,0.0,0.25,0.25,-5.5
1628969,Mikal Bridges,NYK,82,37.025,17.61,3.159,3.732,0.915,0.524,0.489,0.325,0.421,1.61,4.073
1628970,Miles Bridges,CHA,64,31.699,20.312,7.516,3.875,0.688,0.703,0.427,0.312,0.774,2.125,-4.047
1628971,Bruce Brown,NOP,23,24.732,8.217,4.174,2.435,0.739,0.304,0.353,0.246,0.525,0.87,-7.739
1628971,Bruce Brown,TOR,18,19.595,8.389,3.778,1.556,0.944,0.167,0.364,0.217,0.597,1.056,-2.667
1628973,Jalen Brunson,NYK,65,35.396,26.0,2.877,7.308,0.923,0.123,0.484,0.352,0.779,2.523,2.246
1628975,Jevon Carter,CHI,36,8.905,4.25,1.083,1.111,0.361,0.083,0.339,0.225,0.111,0.306,1.028
1628976,Wendell Carter Jr.,ORL,68,25.857,9.088,7.235,1.971,0.765,0.603,0.463,0.233,0.54,1.132,-0.191
1628978,Donte DiVincenzo,MIN,62,25.899,11.661,3.677,3.629,1.177,0.274,0.414,0.388,0.333,1.597,2.806
1628981,Bruno Fernando,TOR,17,8.622,3.412,3.0,1.059,0.235,0.529,0.491,0.0,0.176,0.824,-1.294
1628983,Shai Gilgeous-Alexander,OKC,76,34.179,32.684,4.987,6.395,1.724,1.013,0.525,0.398,0.891,2.408,12.079
1628988,Aaron Holiday,HOU,62,12.778,5.484,1.258,1.339,0.306,0.177,0.366,0.314,0.255,0.597,1.419
1628989,Kevin Huerter,CHI,26,29.986,13.192,3.269,3.154,1.154,0.269,0.428,0.348,0.25,1.154,6.5
1628989,Kevin Huerter,SAC,43,20.915,7.86,2.791,1.721,0.837,0.372,0.374,0.279,0.23,0.86,-1.512
1628991,Jaren Jackson Jr.,MEM,74,29.824,22.176,5.635,2.0,1.243,1.527,0.487,0.372,0.744,2.068,4.473
1628995,Kevin Knox II,GSW,14,5.975,3.286,1.214,0.357,0.143,0.286,0.332,0.131,0.161,0.286,-0.214
1628997,Caleb Martin,DAL,14,19.633,5.357,2.929,1.857,0.857,0.214,0.453,0.214,0.446,0.929,-2.357
1628997,Caleb Martin,PHI,31,30.424,9.065,4.387,2.226,1.097,0.645,0.394,0.298,0.37,1.387,-3.935
1628998,Cody Martin,CHA,39,24.801,7.846,4.513,2.282,1.103,0.667,0.406,0.309,0.321,1.077,-1.385
1628998,Cody Martin,PHX,14,14.712,3.714,3.429,1.143,0.929,0.429,0.344,0.07,0.393,0.643,-3.643
1629001,De'Anthony Melton,GSW,6,20.164,10.333,3.333,2.833,1.167,0.333,0.38,0.34,0.194,1.667,4.5
1629003,Shake Milton,BKN,27,18.208,7.37,1.889,2.37,0.556,0.037,0.38,0.291,0.287,0.741,-2.481
1629003,Shake Milton,LAL,30,11.489,3.867,1.767,1.267,0.333,0.1,0.271,0.125,0.261,0.667,-1.7
1629004,Svi Mykhailiuk,UTA,38,20.008,8.789,2.368,2.0,0.5,0.184,0.364,0.329,0.325,1.368,-2.789
1629006,Josh Okogie,CHA,15,18.293,8.867,2.733,1.267,1.8,0.533,0.355,0.285,0.518,1.0,0.6
1629006,Josh Okogie,PHX,25,14.023,6.0,2.88,0.56,0.84,0.44,0.452,0.253,0.263,0.64,-0.88
1629008,Michael Porter Jr.,DEN,77,33.679,18.156,7.013,2.143,0.649,0.494,0.502,0.385,0.653,1.351,3.442
1629011,Mitchell Robinson,NYK,17,17.066,5.118,5.941,0.765,0.941,1.059,0.673,0.0,0.265,0.588,1.353
1629012,Collin Sexton,UTA,63,27.901,18.397,2.714,4.19,0.746,0.095,0.48,0.37,0.758,2.54,-4.54
1629013,Landry Shamet,NYK,50,15.232,5.72,1.22,0.54,0.46,0.04,0.438,0.312,0.11,0.44,1.76
1629014,Anfernee Simons,POR,70,32.741,19.257,2.7,4.814,0.857,0.071,0.414,0.338,0.681,2.043,-3.143
1629018,Gary Trent Jr.,MIL,74,25.586,11.135,2.27,1.176,0.973,0.054,0.424,0.393,0.407,0.568,0.946
1629020,Jarred Vanderbilt,LAL,36,16.135,4.083,5.056,1.139,0.972,0.278,0.427,0.144,0.222,0.806,0.972
1629021,Moritz Wagner,ORL,30,18.805,12.867,4.933,1.4,0.8,0.4,0.537,0.338,0.6,1.633,-0.567
1629022,Lonnie Walker IV,PHI,20,23.835,12.35,3.15,2.5,0.5,0.25,0.371,0.321,0.328,1.25,-7.1
1629023,P.J. Washington,DAL,57,32.19,14.667,7.754,2.298,1.105,1.053,0.445,0.357,0.487,2.07,0.86
1629026,Kenrich Williams,OKC,69,16.399,6.319,3.493,1.406,0.623,0.145,0.483,0.344,0.203,0.565,4.768
1629027,Trae Young,ATL,76,36.04,24.224,3.105,11.579,1.197,0.158,0.407,0.325,0.841,4.671,0.447
1629028,Deandre Ayton,POR,40,30.141,14.4,10.15,1.6,0.775,0.975,0.568,0.096,0.297,1.725,-4.05
1629029,Luka Dončić,DAL,22,35.66,28.136,8.318,7.818,2.0,0.409,0.465,0.351,0.765,3.409,7.636
1629029,Luka Dončić,LAL,28,35.144,28.179,8.071,7.536,1.607,0.429,0.436,0.358,0.788,3.714,6.286
1629048,Goga Bitadze,ORL,70,20.421,7.171,6.614,1.957,0.7,1.4,0.557,0.036,0.372,1.029,1.143
1629052,Oshae Brissett,PHI,6,23.707,8.667,3.667,0.667,0.667,0.5,0.384,0.253,0.261,1.333,-5.167
1629056,Terence Davis,SAC,1,7.883,0.0,1.0,1.0,0.0,0.0,0.0,0.0,0.0,0.0,-3.0
1629057,Robert Williams III,POR,20,17.566,5.8,5.9,1.05,0.65,1.65,0.534,0.05,0.3,0.85,-0.85
1629060,Rui Hachimura,LAL,59,31.675,13.136,5.0,1.407,0.763,0.441,0.514,0.389,0.533,0.831,2.678
1629098,Jack McVeigh,HOU,9,4.806,1.556,0.556,0.111,0.0,0.222,0.25,0.222,0.0,0.222,-1.111
1629111,Jock Landale,HOU,42,11.905,4.762,3.262,0.881,0.31,0.238,0.423,0.222,0.284,0.5,-0.595
1629130,Duncan Robinson,MIA,74,24.13,11.041,2.257,2.378,0.541,0.081,0.416,0.381,0.288,1.162,0.892
1629162,Jordan McLaughlin,SAC,28,6.779,1.893,0.75,0.857,0.393,0.0,0.192,0.214,0.143,0.393,0.036
1629162,Jordan McLaughlin,SAS,18,6.915,2.5,0.5,1.5,0.278,0.056,0.403,0.236,0.222,0.278,3.111
1629216,Gabe Vincent,LAL,72,21.212,6.389,1.278,1.361,0.708,0.181,0.38,0.304,0.111,0.569,0.667
1629234,Drew Eubanks,LAC,24,7.405,2.708,2.417,0.375,0.083,0.292,0.374,0.0,0.128,0.417,-0.375
1629234,Drew Eubanks,UTA,37,15.359,5.811,4.541,1.216,0.27,0.865,0.593,0.081,0.396,0.838,-3.162
1629312,Haywood Highsmith,MIA,74,24.572,6.459,3.405,1.514,0.919,0.5,0.393,0.318,0.159,0.73,0.824
1629599,Amir Coffey,LAC,72,24.271,9.667,2.236,1.069,0.556,0.097,0.438,0.357,0.561,0.625,-0.917
1629610,DaQuan Jeffries,CHA,47,22.798,6.702,2.872,1.128,0.553,0.532,0.359,0.292,0.229,0.745,-5.872
1629611,Terance Mann,ATL,30,22.733,9.8,3.067,2.067,0.633,0.133,0.539,0.358,0.353,0.733,-0.5
1629611,Terance Mann,LAC,37,19.791,6.027,2.892,1.595,0.757,0.297,0.415,0.324,0.214,0.676,-2.162
1629614,Andrew Nembhard,IND,65,28.933,10.046,3.323,5.015,1.215,0.169,0.469,0.28,0.526,1.723,3.138
1629618,Jalen Pickett,DEN,49,13.596,4.082,1.449,2.184,0.388,0.102,0.378,0.279,0.082,0.49,1.061
1629622,Max Strus,CLE,50,25.454,9.42,4.34,3.16,0.52,0.24,0.43,0.357,0.24,1.08,4.42
1629626,Bol Bol,PHX,36,12.458,6.778,2.889,0.611,0.25,0.694,0.495,0.223,0.218,0.556,-1.028
1629627,Zion Williamson,NOP,30,28.576,24.567,7.2,5.3,1.233,0.9,0.558,0.067,0.615,3.0,-1.4
1629628,RJ Barrett,TOR,58,32.221,21.086,6.31,5.414,0.793,0.293,0.471,0.362,0.543,2.862,-2.397
1629629,Cam Reddish,LAL,33,17.862,3.182,2.0,0.667,1.0,0.303,0.354,0.22,0.2,0.364,-2.758
1629630,Ja Morant,MEM,50,30.382,23.18,4.1,7.28,1.22,0.24,0.459,0.3,0.801,3.7,4.52
1629631,De'Andre Hunter,ATL,37,28.747,18.973,3.919,1.541,0.838,0.135,0.453,0.39,0.81,1.595,-1.595
1629631,De'Andre Hunter,CLE,27,25.052,14.296,4.185,1.296,0.704,0.296,0.497,0.417,0.6,0.852,5.444
1629632,Coby White,CHI,74,33.112,20.392,3.689,4.459,0.932,0.216,0.446,0.364,0.813,2.392,-1.905
1629634,Brandon Clarke,MEM,64,18.857,8.344,5.094,1.031,0.812,0.562,0.589,0.004,0.338,0.641,2.828
1629636,Darius Garland,CLE,75,30.677,20.587,2.853,6.747,1.213,0.147,0.476,0.401,0.729,2.52,6.653
1629637,Jaxson Hayes,LAL,56,19.512,6.839,4.804,1.036,0.554,0.911,0.702,0.0,0.42,0.768,1.554
1629638,Nickeil Alexander-Walker,MIN,82,25.282,9.427,3.232,2.72,0.61,0.415,0.44,0.389,0.448,1.207,3.293
1629639,Tyler Herro,MIA,77,35.391,23.896,5.182,5.506,0.896,0.221,0.477,0.374,0.803,2.571,1.286
1629640,Keldon Johnson,SAS,77,23.87,12.714,4.818,1.623,0.636,0.286,0.47,0.292,0.576,1.0,-2.818
1629643,Chuma Okeke,CLE,2,12.633,2.5,2.0,1.0,0.0,0.5,0.35,0.1,0.0,0.0,3.0
1629643,Chuma Okeke,PHI,7,24.488,6.857,6.143,1.857,0.714,0.429,0.486,0.338,0.095,0.429,-4.857
1629645,Kevin Porter Jr.,LAC,45,19.641,9.311,3.556,3.2,0.956,0.244,0.397,0.2,0.385,1.867,-0.6
1629645,Kevin Porter Jr.,MIL,30,19.939,11.733,3.933,3.733,1.267,0.067,0.502,0.305,0.567,1.733,1.8
1629646,Charles Bassey,SAS,36,10.431,4.361,4.222,0.472,0.389,0.833,0.473,0.0,0.229,0.639,-3.583
1629650,Moses Brown,DAL,4,18.25,11.75,7.75,0.5,1.0,0.75,0.696,0.0,0.667,1.25,-0.75
1629650,Moses Brown,IND,9,5.064,3.222,1.444,0.0,0.222,0.111,0.287,0.0,0.067,0.667,-1.222
1629651,Nic Claxton,BKN,70,26.882,10.343,7.357,2.243,0.886,1.429,0.567,0.057,0.321,1.243,-7.1
1629652,Luguentz Dort,OKC,71,29.201,10.127,4.127,1.62,1.113,0.549,0.418,0.376,0.205,0.718,7.704
1629655,Daniel Gafford,DAL,57,21.51,12.298,6.807,1.404,0.404,1.789,0.692,0.0,0.611,1.158,0.614
1629656,Quentin Grimes,DAL,47,22.763,10.213,3.809,2.149,0.681,0.213,0.415,0.324,0.432,1.298,-0.149
1629656,Quentin Grimes,PHI,28,33.687,21.857,5.179,4.536,1.5,0.429,0.447,0.354,0.688,2.857,-9.071
1629659,Talen Horton-Tucker,CHI,58,12.478,6.534,1.724,1.431,0.362,0.19,0.325,0.209,0.343,0.69,0.328
1629660,Ty Jerome,CLE,70,19.891,12.543,2.471,3.386,1.114,0.043,0.514,0.379,0.615,1.314,4.314
1629661,Cameron Johnson,BKN,57,31.575,18.772,4.333,3.404,0.93,0.439,0.478,0.402,0.773,1.737,-3.509
1629667,Jalen McDaniels,WAS,4,1.834,0.0,0.0,0.25,0.25,0.0,0.0,0.0,0.0,0.0,-0.25
1629669,Jaylen Nowell,NOP,8,21.009,8.375,2.5,2.25,0.125,0.5,0.319,0.317,0.5,1.0,-5.25
1629673,Jordan Poole,WAS,68,29.425,20.456,2.985,4.456,1.265,0.397,0.42,0.367,0.766,3.0,-8.206
1629674,Neemias Queta,BOS,62,13.921,5.0,3.806,0.726,0.29,0.677,0.54,0.0,0.312,0.645,2.5
1629675,Naz Reid,MIN,80,27.501,14.225,6.0,2.262,0.725,0.9,0.454,0.356,0.506,1.35,4.25
1629680,Matisse Thybulle,POR,15,20.819,7.467,3.467,1.867,2.2,0.6,0.423,0.416,0.136,0.867,0.067
1629684,Grant Williams,CHA,16,29.939,10.375,5.125,2.312,1.125,0.812,0.44,0.363,0.578,1.75,0.625
1629723,John Konchar,MEM,46,12.135,2.435,3.283,0.913,0.652,0.304,0.368,0.29,0.098,0.348,1.261
1629726,Garrison Mathews,ATL,47,17.649,7.511,1.851,1.277,0.553,0.319,0.349,0.345,0.447,0.66,-1.277
1629731,Dean Wade,CLE,59,21.228,5.424,4.22,1.288,0.712,0.339,0.43,0.364,0.15,0.373,4.814
1629750,Javonte Green,CLE,18,9.201,3.278,2.222,0.611,0.556,0.056,0.336,0.19,0.13,0.222,2.667
1629750,Javonte Green,NOP,50,21.844,5.76,3.56,0.9,1.1,0.6,0.429,0.327,0.408,0.56,-5.2
1630162,Anthony Edwards,MIN,79,36.343,27.557,5.696,4.544,1.152,0.646,0.447,0.388,0.784,3.152,3.684
1630163,LaMelo Ball,CHA,47,32.01,25.191,4.936,7.362,1.149,0.277,0.4,0.342,0.766,3.553,-2.766
1630164,James Wiseman,IND,1,4.633,6.0,1.0,0.0,0.0,0.0,0.5,0.0,1.0,0.0,-4.0
1630165,Killian Hayes,BKN,6,27.056,9.0,3.0,5.167,0.667,0.667,0.38,0.25,0.667,1.5,-4.0
1630166,Deni Avdija,POR,72,30.016,16.931,7.25,3.903,0.986,0.486,0.462,0.338,0.739,2.722,-1.083
1630167,Obi Toppin,IND,79,19.555,10.544,4.025,1.62,0.582,0.354,0.514,0.302,0.406,0.861,-0.975
1630168,Onyeka Okongwu,ATL,74,27.891,13.351,8.919,2.27,0.932,0.919,0.559,0.235,0.538,1.216,0.541
1630169,Tyrese Haliburton,IND,73,33.567,18.616,3.534,9.219,1.438,0.671,0.454,0.365,0.657,1.644,3.041
1630170,Devin Vassell,SAS,64,30.987,16.266,3.984,2.859,1.312,0.516,0.434,0.356,0.525,1.375,-4.094
1630171,Isaac Okoro,CLE,55,19.149,6.127,2.364,1.236,0.582,0.291,0.474,0.342,0.25,0.418,4.6
1630172,Patrick Williams,CHI,63,25.021,8.984,3.762,1.968,0.762,0.508,0.392,0.329,0.394,1.365,-2.889
1630173,Precious Achiuwa,NYK,57,20.52,6.649,5.561,0.965,0.825,0.737,0.499,0.11,0.321,0.789,-0.842
1630174,Aaron Nesmith,IND,45,24.925,12.022,3.956,1.2,0.778,0.378,0.487,0.43,0.523,0.822,4.4
1630175,Cole Anthony,ORL,67,18.42,9.403,3.045,2.851,0.672,0.478,0.401,0.326,0.448,1.537,-0.239
1630178,Tyrese Maxey,PHI,52,37.696,26.327,3.346,6.096,1.75,0.404,0.427,0.326,0.87,2.385,-2.385
1630182,Josh Green,CHA,68,27.757,7.441,2.529,1.588,1.088,0.221,0.402,0.338,0.321,1.029,-5.353
1630183,Jaden McDaniels,MIN,82,31.883,12.195,5.732,1.988,1.341,0.902,0.47,0.342,0.405,1.159,2.098
1630188,Jalen Smith,CHI,64,15.037,8.188,5.578,1.016,0.266,0.688,0.456,0.296,0.395,0.578,-0.562
1630191,Isaiah Stewart,DET,72,19.915,6.042,5.542,1.708,0.389,1.403,0.532,0.15,0.351,0.944,0.125
1630192,Zeke Nnaji,DEN,57,10.666,3.228,1.579,0.404,0.439,0.667,0.397,0.156,0.187,0.246,-0.404
1630193,Immanuel Quickley,TOR,33,27.811,17.091,3.545,5.788,0.697,0.121,0.435,0.377,0.769,1.758,-1.182
1630194,Paul Reed,DET,45,9.723,4.089,2.733,0.978,0.867,0.556,0.432,0.163,0.283,0.578,0.956
1630198,Isaiah Joe,OKC,74,21.675,10.216,2.649,1.608,0.649,0.122,0.412,0.383,0.268,0.514,7.432
1630200,Tre Jones,CHI,18,25.267,11.5,3.222,4.889,1.056,0.278,0.525,0.361,0.574,0.778,-2.278
1630200,Tre Jones,SAS,28,16.078,4.393,2.071,3.714,0.643,0.179,0.501,0.19,0.32,0.75,0.357
1630201,Malachi Flynn,CHA,4,10.92,4.0,1.75,1.75,0.75,0.0,0.407,0.25,0.417,1.0,0.25
1630202,Payton Pritchard,BOS,80,28.386,14.3,3.838,3.488,0.875,0.175,0.451,0.385,0.324,1.038,5.375
1630205,Lamar Stevens,MEM,17,9.149,4.353,2.235,0.471,0.294,0.176,0.277,0.113,0.265,0.588,3.941
1630208,Nick Richards,CHA,21,20.969,8.905,7.524,1.333,0.333,1.238,0.466,0.0,0.523,1.571,-3.571
1630208,Nick Richards,PHX,36,22.663,9.5,8.556,0.583,0.194,0.806,0.582,0.0,0.548,1.333,-4.444
1630214,Xavier Tillman,BOS,33,6.997,1.03,1.303,0.212,0.333,0.152,0.164,0.061,0.045,0.424,-0.364
1630215,Jared Butler,PHI,28,24.347,11.464,2.464,4.929,1.071,0.286,0.406,0.312,0.496,1.821,-3.286
1630215,Jared Butler,WAS,32,11.313,6.875,1.281,2.562,0.375,0.156,0.459,0.211,0.493,0.906,-1.219
1630217,Desmond Bane,MEM,69,31.96,19.232,6.058,5.348,1.159,0.406,0.475,0.38,0.7,2.449,2.072
1630222,Mason Jones,SAC,10,4.539,2.3,0.9,1.1,0.0,0.1,0.291,0.033,0.25,0.1,0.1
1630224,Jalen Green,HOU,82,32.892,21.012,4.598,3.439,0.866,0.329,0.41,0.332,0.683,2.476,2.024
1630227,Daishen Nix,MIN,3,4.411,0.333,1.333,1.0,0.0,0.0,0.0,0.0,0.167,1.333,3.0
1630228,Jonathan Kuminga,GSW,47,24.342,15.298,4.617,2.213,0.809,0.447,0.446,0.251,0.563,1.511,0.17
1630230,Naji Marshall,DAL,69,27.813,13.246,4.754,3.014,1.014,0.159,0.489,0.233,0.561,1.623,-1.986
1630231,KJ Martin,PHI,24,19.982,6.417,3.0,0.792,0.458,0.667,0.546,0.194,0.492,0.5,1.167
1630231,KJ Martin,UTA,19,22.733,6.316,2.789,1.526,0.316,0.316,0.456,0.125,0.412,0.632,-8.947
1630241,Sam Merrill,CLE,71,19.736,7.169,2.211,1.521,0.746,0.197,0.388,0.35,0.176,0.493,4.521
1630243,Trevelin Queen,ORL,31,13.88,4.903,1.742,1.226,1.0,0.323,0.275,0.219,0.25,0.71,-2.774
1630245,Ayo Dosunmu,CHI,46,30.302,12.304,3.5,4.522,0.935,0.391,0.496,0.327,0.444,1.5,-5.087
1630249,Vít Krejčí,ATL,57,20.222,7.228,2.737,2.579,0.632,0.456,0.459,0.378,0.295,0.877,-1.158
1630256,Jae'Sean Tate,HOU,52,11.31,3.615,2.25,0.904,0.5,0.135,0.346,0.138,0.254,0.423,0.981
1630264,Anthony Gill,WAS,51,7.796,2.529,1.294,0.314,0.176,0.039,0.324,0.142,0.198,0.196,-1.431
1630283,Kylor Kelley,DAL,8,8.342,3.0,2.625,0.25,0.0,0.25,0.375,0.0,0.25,0.125,-4.5
1630283,Kylor Kelley,NOP,3,19.74,3.333,6.0,1.0,0.333,0.333,0.611,0.0,0.333,1.0,-13.0
1630288,Jeff Dowtin Jr.,PHI,41,15.141,6.951,1.463,1.902,0.585,0.293,0.39,0.238,0.265,0.366,-2.512
1630296,Braxton Key,GSW,3,3.608,1.0,0.667,0.0,0.667,0.0,0.0,0.0,0.333,0.333,-2.667
1630311,Pat Spencer,GSW,39,6.4,2.513,1.179,1.231,0.359,0.077,0.265,0.047,0.141,0.462,-0.436
1630314,Brandon Williams,DAL,33,14.762,8.333,1.758,2.303,0.727,0.152,0.41,0.275,0.503,1.182,0.303
1630322,Lindy Waters III,DET,14,8.787,3.357,1.0,0.714,0.357,0.071,0.372,0.42,0.0,0.214,2.357
1630322,Lindy Waters III,GSW,38,17.247,5.5,2.526,1.105,0.579,0.263,0.331,0.3,0.11,0.447,-0.526
1630346,Matt Ryan,NYK,19,3.57,1.474,0.421,0.158,0.105,0.0,0.17,0.126,0.053,0.158,-2.105
1630526,Jeremiah Robinson-Earl,NOP,66,18.771,6.333,4.773,1.333,0.591,0.106,0.438,0.298,0.279,0.773,-5.015
1630527,Brandon Boston,NOP,42,23.638,10.667,3.19,2.19,1.262,0.214,0.412,0.324,0.518,1.238,-3.333
1630528,Josh Christopher,MIA,14,4.954,2.0,0.643,0.571,0.357,0.214,0.192,0.086,0.143,0.429,-0.357
1630529,Herbert Jones,NOP,20,32.407,10.25,3.9,3.25,1.85,0.45,0.434,0.261,0.493,1.75,-1.0
1630530,Trey Murphy III,NOP,53,34.985,21.208,5.057,3.547,1.057,0.736,0.447,0.351,0.838,1.943,-7.245
1630531,Jaden Springer,BOS,26,5.424,1.731,0.923,0.385,0.462,0.038,0.175,0.083,0.231,0.154,0.538
1630531,Jaden Springer,UTA,17,13.186,3.765,2.0,1.353,0.706,0.176,0.371,0.197,0.324,0.706,-2.706
1630532,Franz Wagner,ORL,60,33.722,24.15,5.7,4.733,1.25,0.35,0.464,0.266,0.807,2.3,4.117
1630533,Ziaire Williams,BKN,63,24.467,10.032,4.556,1.333,0.984,0.444,0.39,0.312,0.575,1.063,-5.238
1630534,Ochai Agbaji,TOR,64,27.167,10.422,3.781,1.531,0.906,0.469,0.512,0.375,0.216,0.844,-3.344
1630537,Chris Duarte,CHI,17,4.38,2.118,1.176,0.529,0.0,0.0,0.386,0.294,0.098,0.059,0.706
1630538,Bones Hyland,LAC,20,11.095,7.2,1.2,1.4,0.9,0.2,0.366,0.323,0.496,1.2,-1.7
1630538,Bones Hyland,MIN,4,4.217,1.25,0.25,1.0,0.0,0.0,0.375,0.25,0.0,0.25,0.75
1630539,Kai Jones,DAL,12,21.699,11.417,6.583,1.25,0.75,0.833,0.844,0.042,0.529,0.667,-1.083
1630539,Kai Jones,LAC,28,7.428,2.179,1.643,0.357,0.214,0.464,0.435,0.0,0.12,0.357,-0.286
1630540,Miles McBride,NYK,64,24.898,9.547,2.516,2.922,1.047,0.266,0.402,0.348,0.328,0.641,3.297
1630541,Moses Moody,GSW,74,22.286,9.784,2.554,1.297,0.797,0.419,0.427,0.36,0.479,0.73,1.784
1630542,Marcus Bagley,PHI,10,25.316,6.7,7.0,1.0,0.9,1.2,0.368,0.067,0.4,0.7,-8.4
1630543,Isaiah Jackson,IND,5,16.776,7.0,5.6,1.0,0.6,1.6,0.737,0.0,0.3,1.0,2.0
1630544,Tre Mann,CHA,13,24.542,14.077,2.923,3.0,0.538,0.308,0.419,0.346,0.615,1.923,-4.231
1630545,Terrence Shannon Jr.,MIN,32,10.588,4.312,1.469,1.0,0.219,0.156,0.369,0.157,0.172,0.469,0.344
1630548,Johnny Juzang,UTA,64,19.841,8.922,2.875,1.062,0.609,0.125,0.404,0.337,0.281,0.562,-5.578
1630549,Day'Ron Sharpe,BKN,50,18.149,7.94,6.6,1.82,0.82,0.84,0.505,0.145,0.404,1.26,1.28
1630550,JT Thor,CLE,9,4.721,3.111,0.667,0.111,0.222,0.333,0.444,0.222,0.278,0.667,-3.222
1630550,JT Thor,WAS,11,18.802,3.909,3.818,0.455,0.545,0.545,0.351,0.182,0.295,0.273,-6.091
1630551,Justin Champagnie,WAS,62,21.622,8.774,5.661,0.968,1.048,0.629,0.417,0.305,0.324,0.871,-4.645
1630552,Jalen Johnson,ATL,36,35.672,18.889,9.972,5.028,1.556,1.0,0.498,0.292,0.622,2.944,1.528
1630553,Keon Johnson,BKN,79,24.37,10.62,3.759,2.215,1.038,0.38,0.372,0.295,0.444,1.468,-5.354
1630556,Kessler Edwards,DAL,40,15.212,4.2,2.875,1.05,0.475,0.5,0.332,0.191,0.138,0.4,-3.95
1630557,Corey Kispert,WAS,61,26.254,11.557,2.967,1.689,0.426,0.23,0.437,0.327,0.425,1.049,-4.492
1630558,Davion Mitchell,MIA,30,31.568,10.3,2.733,5.333,1.367,0.267,0.501,0.435,0.422,1.667,2.133
1630558,Davion Mitchell,TOR,44,24.552,6.341,1.932,4.614,0.705,0.182,0.402,0.37,0.284,1.773,-1.523
1630559,Austin Reaves,LAL,73,34.933,20.205,4.507,5.767,1.11,0.301,0.46,0.375,0.778,2.425,2.671
1630560,Cam Thomas,BKN,25,31.246,23.96,3.32,3.76,0.6,0.08,0.436,0.338,0.897,2.48,-3.68
1630561,David Duke Jr.,SAS,6,5.619,2.667,0.833,0.667,0.167,0.0,0.375,0.25,0.083,0.333,4.667
1630567,Scottie Barnes,TOR,65,32.833,19.262,7.723,5.815,1.431,0.969,0.445,0.271,0.693,2.831,-2.0
1630568,Luka Garza,MIN,39,5.623,3.538,1.385,0.282,0.154,0.077,0.418,0.162,0.254,0.308,0.026
1630570,Trendon Watford,BKN,44,20.743,10.227,3.636,2.614,0.614,0.273,0.446,0.267,0.529,1.886,-1.477
1630572,Sandro Mamukelashvili,SAS,61,11.167,6.311,3.066,0.787,0.361,0.279,0.448,0.318,0.277,0.426,-0.459
1630573,Sam Hauser,BOS,71,21.706,8.521,3.155,0.901,0.577,0.183,0.439,0.406,0.085,0.324,4.577
1630574,Ariel Hukporti,NYK,25,8.695,1.92,2.04,0.44,0.04,0.6,0.336,0.0,0.12,0.84,-2.52
1630577,Julian Champagnie,SAS,82,23.563,9.939,3.878,1.354,0.744,0.427,0.399,0.348,0.398,0.902,-0.817
1630578,Alperen Sengun,HOU,76,31.513,19.092,10.342,4.895,1.105,0.803,0.489,0.173,0.654,2.553,5.395
1630579,Jericho Sims,MIL,14,14.964,2.429,4.857,0.786,0.143,0.643,0.446,0.0,0.0,0.857,-0.071
1630579,Jericho Sims,NYK,39,10.814,1.641,3.308,0.564,0.205,0.256,0.351,0.0,0.103,0.538,0.667
1630581,Josh Giddey,CHI,70,30.238,14.6,8.086,7.186,1.2,0.643,0.463,0.387,0.573,2.886,-0.971
1630583,Santi Aldama,MEM,65,25.533,12.477,6.4,2.892,0.8,0.446,0.471,0.354,0.345,1.092,2.292
1630585,Marcus Garrett,CHA,4,19.846,7.0,1.5,3.25,0.75,0.5,0.4,0.333,0.375,1.5,-9.75
1630590,Scotty Pippen Jr.,MEM,79,21.302,9.861,3.278,4.392,1.304,0.38,0.467,0.314,0.5,1.747,0.557
1630591,Jalen Suggs,ORL,35,28.642,16.2,4.029,3.686,1.457,0.943,0.407,0.305,0.644,2.914,0.086
1630592,Jalen Wilson,BKN,79,25.714,9.481,3.418,1.835,0.506,0.063,0.408,0.328,0.518,1.0,-3.316
1630595,Cade Cunningham,DET,70,35.028,26.143,6.071,9.114,1.014,0.757,0.474,0.35,0.777,4.414,2.5
1630596,Evan Mobley,CLE,71,30.515,18.535,9.282,3.183,0.859,1.592,0.549,0.323,0.719,2.042,7.69
1630598,Aaron Wiggins,OKC,76,22.946,12.026,3.882,1.763,0.789,0.237,0.472,0.362,0.313,0.908,6.763
1630600,Isaiah Mobley,PHI,1,17.367,6.0,4.0,5.0,1.0,1.0,0.286,0.333,0.5,0.0,-6.0
1630604,E.J. Liddell,CHI,12,4.405,1.75,0.75,0.25,0.083,0.083,0.215,0.097,0.083,0.167,-0.667
1630611,Gui Santos,GSW,56,13.599,4.054,3.071,1.429,0.446,0.179,0.328,0.221,0.235,0.75,2.946
1630618,D.J. Carton,TOR,4,8.347,0.75,1.0,0.75,0.5,0.0,0.125,0.0,0.25,1.0,3.0
1630623,Tyson Etienne,BKN,7,21.583,7.857,1.286,1.714,0.429,0.143,0.32,0.288,0.5,1.143,-10.0
1630625,Dalano Banton,POR,67,16.716,8.343,2.015,2.388,0.642,0.507,0.345,0.238,0.397,1.284,-0.821
1630631,Jose Alvarado,NOP,56,24.391,10.339,2.429,4.625,1.321,0.25,0.381,0.334,0.417,1.536,-4.143
1630639,A.J. Lawson,TOR,26,18.708,9.077,3.308,1.192,0.5,0.231,0.413,0.304,0.371,0.577,-0.654
1630643,Jay Huff,MEM,64,11.688,6.859,2.016,0.594,0.25,0.875,0.403,0.293,0.259,0.531,0.391
1630644,Mac McClung,ORL,2,5.117,0.0,0.5,1.5,0.0,0.0,0.0,0.0,0.0,0.0,-1.0
1630649,Stanley Umude,MIL,22,3.899,0.682,0.773,0.182,0.136,0.273,0.174,0.136,0.045,0.136,-0.682
1630658,Colin Castleton,MEM,10,4.607,1.4,0.9,0.0,0.1,0.1,0.058,0.0,0.35,0.1,0.5
1630658,Colin Castleton,PHI,5,19.564,6.0,7.4,2.0,0.2,0.2,0.438,0.0,0.36,0.2,-1.2
1630658,Colin Castleton,TOR,11,26.192,7.182,6.909,1.636,0.545,0.727,0.522,0.121,0.447,1.909,-2.636
1630678,Terry Taylor,SAC,3,2.111,0.0,0.333,0.667,0.0,0.0,0.0,0.0,0.0,0.0,3.0
1630692,Jordan Goodwin,LAL,29,18.709,5.552,3.862,1.448,1.034,0.379,0.339,0.261,0.138,0.897,-0.379
1630695,Micah Potter,UTA,38,18.557,4.263,4.316,0.816,0.368,0.368,0.401,0.279,0.23,0.816,-2.737
1630696,Dru Smith,MIA,14,19.158,6.214,2.571,1.643,1.5,0.429,0.438,0.387,0.173,1.214,2.714
1630699,MarJon Beauchamp,LAC,3,5.744,4.0,1.0,0.667,0.0,0.0,0.533,0.667,0.167,0.333,1.667
1630699,MarJon Beauchamp,MIL,26,4.688,2.0,1.231,0.308,0.115,0.038,0.267,0.212,0.173,0.5,0.462
1630699,MarJon Beauchamp,NYK,6,2.861,2.5,1.5,0.167,0.167,0.0,0.472,0.083,0.333,0.167,-1.333
1630700,Dyson Daniels,ATL,76,33.831,14.118,5.908,4.382,3.013,0.724,0.497,0.345,0.35,2.039,-0.855
1630702,Jaden Hardy,DAL,57,15.92,8.702,1.561,1.421,0.491,0.088,0.372,0.299,0.375,1.439,-1.14
1630703,Scoot Henderson,POR,66,26.653,12.682,3.0,5.076,1.03,0.197,0.406,0.34,0.575,2.682,-0.576
1630762,Phillip Wheeler,PHI,5,8.879,1.6,1.6,0.4,0.2,0.4,0.094,0.0,0.2,0.2,2.6
1630811,Keaton Wallace,ATL,31,16.167,5.419,1.613,2.613,0.903,0.29,0.372,0.239,0.161,1.065,-0.613
1631093,Jaden Ivey,DET,30,29.934,17.6,4.133,3.967,0.933,0.367,0.464,0.4,0.692,2.967,-2.067
1631094,Paolo Banchero,ORL,46,34.381,25.891,7.5,4.761,0.783,0.609,0.447,0.305,0.705,2.957,-0.457
1631095,Jabari Smith Jr.,HOU,57,30.098,12.246,7.0,1.053,0.439,0.719,0.434,0.336,0.53,1.07,4.386
1631096,Chet Holmgren,OKC,32,27.392,14.969,8.031,1.969,0.719,2.219,0.47,0.365,0.606,1.75,9.188
1631097,Bennedict Mathurin,IND,72,29.852,16.056,5.319,1.889,0.653,0.333,0.457,0.342,0.739,1.875,1.306
1631098,Johnny Davis,WAS,34,7.108,2.353,1.118,0.324,0.441,0.176,0.342,0.129,0.125,0.206,-0.765
1631099,Keegan Murray,SAC,76,34.344,12.395,6.671,1.434,0.803,0.908,0.433,0.322,0.349,0.789,0.605
1631101,Shaedon Sharpe,POR,72,31.282,18.542,4.5,2.75,0.861,0.222,0.446,0.308,0.659,2.083,-1.917
1631102,TyTy Washington Jr.,PHX,16,7.397,2.188,0.812,1.0,0.188,0.0,0.194,0.094,0.094,0.188,0.125
1631103,Malaki Branham,SAS,47,9.076,5.0,1.085,0.809,0.234,0.043,0.372,0.311,0.234,0.723,-0.702
1631104,Blake Wesley,SAS,58,11.778,3.741,1.052,1.966,0.638,0.103,0.389,0.147,0.263,0.931,-0.155
1631105,Jalen Duren,DET,78,26.071,11.769,10.346,2.679,0.692,1.141,0.685,0.0,0.564,1.744,0.462
1631106,Tari Eason,HOU,57,24.916,12.035,6.351,1.456,1.702,0.877,0.479,0.302,0.468,1.14,2.544
1631107,Nikola Jović,MIA,46,25.123,10.739,3.913,2.848,0.826,0.283,0.451,0.344,0.522,1.304,-0.435
1631108,Max Christie,DAL,32,30.406,11.219,4.219,2.5,0.906,0.312,0.423,0.374,0.599,1.531,-2.062
1631108,Max Christie,LAL,46,25.09,8.478,2.674,1.435,0.761,0.457,0.467,0.366,0.516,0.848,-0.37
1631109,Mark Williams,CHA,44,26.615,15.25,10.159,2.477,0.727,1.227,0.603,0.0,0.671,1.614,-6.841
1631110,Jeremy Sochan,SAS,54,25.259,11.426,6.519,2.37,0.833,0.5,0.525,0.24,0.429,1.556,-1.63
1631111,Wendell Moore Jr.,CHA,16,17.522,5.438,3.188,1.188,0.625,0.125,0.422,0.286,0.1,1.125,-9.438
1631111,Wendell Moore Jr.,DET,20,10.928,3.15,2.2,1.15,0.5,0.15,0.33,0.175,0.3,0.45,0.85
1631114,Jalen Williams,OKC,69,32.416,21.594,5.348,5.13,1.609,0.667,0.484,0.343,0.712,2.174,6.609
1631115,Orlando Robinson,SAC,9,6.348,2.111,1.556,1.0,0.333,0.111,0.356,0.111,0.278,0.444,0.556
1631115,Orlando Robinson,TOR,35,20.362,8.114,5.886,1.943,0.4,0.429,0.441,0.241,0.475,1.286,-2.629
1631116,Patrick Baldwin Jr.,LAC,2,3.083,3.0,1.5,0.5,0.0,0.0,0.5,0.5,0.0,0.0,-2.5
1631116,Patrick Baldwin Jr.,WAS,22,4.572,2.136,1.0,0.091,0.136,0.091,0.409,0.341,0.045,0.227,1.545
1631117,Walker Kessler,UTA,58,30.006,11.052,12.19,1.672,0.621,2.379,0.694,0.042,0.379,1.483,-5.672
1631119,Jaylin Williams,OKC,47,16.682,5.915,5.574,2.553,0.468,0.617,0.444,0.411,0.239,0.745,6.426
1631120,JD Davison,BOS,16,5.807,2.062,0.812,0.812,0.312,0.062,0.335,0.177,0.125,0.812,-1.75
1631121,Bryce McGowens,POR,13,2.463,1.0,0.231,0.154,0.077,0.0,0.154,0.0,0.231,0.308,-0.308
1631123,Jamaree Bouyea,MIL,5,12.34,3.4,1.0,2.0,0.8,0.4,0.3,0.05,0.133,1.6,0.4
1631124,Julian Strawther,DEN,65,21.284,9.046,2.185,1.277,0.6,0.246,0.408,0.304,0.45,0.877,-1.092
1631127,Harrison Ingram,SAS,5,6.95,0.8,1.8,0.6,0.6,0.0,0.4,0.0,0.0,0.2,6.0
1631128,Christian Braun,DEN,79,33.866,15.418,5.19,2.595,1.076,0.468,0.581,0.343,0.662,1.025,6.076
1631131,Oscar Tshiebwe,UTA,14,18.227,7.643,8.714,0.643,0.929,0.071,0.493,0.0,0.558,0.714,-0.786
1631132,Christian Koloko,LAL,37,9.231,2.432,2.486,0.432,0.216,0.432,0.46,0.0,0.135,0.324,-0.189
1631133,Jabari Walker,POR,60,12.486,5.217,3.517,0.617,0.55,0.1,0.402,0.206,0.319,0.567,0.25
1631157,Ryan Rollins,MIL,56,14.634,6.232,1.929,1.857,0.75,0.304,0.421,0.3,0.298,0.946,1.482
1631159,Leonard Miller,MIN,13,2.43,1.538,0.846,0.0,0.154,0.077,0.353,0.0,0.231,0.154,-0.923
1631165,Keon Ellis,SAC,80,24.352,8.325,2.65,1.5,1.512,0.788,0.475,0.399,0.348,0.888,0.8
1631166,Drew Timme,BKN,9,28.209,12.111,7.222,2.222,0.444,0.111,0.47,0.303,0.5,1.667,-7.333
1631169,Josh Minott,MIN,46,6.006,2.587,1.022,0.391,0.326,0.261,0.358,0.214,0.156,0.239,-0.348
1631170,Jaime Jaquez Jr.,MIA,66,20.733,8.636,4.394,2.515,0.924,0.212,0.432,0.231,0.399,1.485,-2.303
1631172,Ousmane Dieng,OKC,37,10.942,3.838,2.189,0.838,0.459,0.189,0.346,0.213,0.153,0.486,1.216
1631197,Jared Rhoden,CHA,4,2.912,1.0,1.0,0.5,0.25,0.0,0.125,0.0,0.0,0.25,2.0
1631197,Jared Rhoden,TOR,10,21.451,11.4,3.8,1.4,0.9,0.2,0.489,0.271,0.642,0.8,5.6
1631199,Ron Harper Jr.,DET,1,17.0,4.0,7.0,2.0,0.0,0.0,0.125,0.0,1.0,0.0,-1.0
1631200,Kris Murray,POR,69,15.078,4.159,2.638,0.986,0.507,0.246,0.339,0.149,0.16,0.623,-0.725
1631204,Marcus Sasser,DET,57,14.224,6.579,1.211,2.333,0.649,0.07,0.41,0.312,0.295,0.947,0.719
1631207,Dalen Terry,CHI,73,13.523,4.466,1.699,1.329,0.603,0.205,0.389,0.192,0.238,0.726,-2.356
1631209,Isaiah Wong,CHA,20,13.275,6.0,1.6,1.4,0.55,0.0,0.39,0.396,0.383,0.9,-0.3
1631210,Jacob Toppin,ATL,1,26.55,17.0,4.0,2.0,0.0,0.0,0.5,0.625,0.0,1.0,-7.0
1631210,Jacob Toppin,NYK,16,3.038,0.375,0.688,0.25,0.125,0.0,0.125,0.0,0.0,0.125,-1.125
1631212,Peyton Watson,DEN,68,24.349,8.103,3.426,1.382,0.706,1.368,0.451,0.268,0.436,0.824,-0.382
1631213,Tyrese Martin,BKN,60,21.922,8.717,3.65,2.033,0.567,0.15,0.379,0.311,0.265,1.233,-4.3
1631214,Alondes Williams,DET,1,3.717,5.0,0.0,1.0,0.0,0.0,1.0,1.0,0.0,0.0,6.0
1631216,Caleb Houstan,ORL,58,13.586,4.121,1.293,0.603,0.379,0.103,0.319,0.262,0.121,0.224,-1.138
1631217,Moussa Diabaté,CHA,71,17.474,5.676,6.169,0.789,0.648,0.563,0.536,0.0,0.297,0.859,-1.732
1631218,Trayce Jackson-Davis,GSW,62,15.593,6.565,5.016,1.677,0.371,0.613,0.52,0.0,0.351,0.726,-0.984
1631221,Collin Gillespie,PHX,33,13.976,5.879,2.364,2.364,0.636,0.152,0.403,0.369,0.241,0.515,-0.879
1631222,Jake LaRavia,MEM,47,20.892,7.298,4.362,2.83,0.936,0.426,0.473,0.351,0.434,1.468,3.83
1631222,Jake LaRavia,SAC,19,19.333,6.053,2.842,1.316,0.947,0.158,0.415,0.329,0.263,0.895,-2.842
1631223,David Roddy,ATL,27,12.827,4.519,2.593,1.111,0.444,0.296,0.41,0.281,0.216,0.741,-2.63
1631223,David Roddy,HOU,3,11.617,4.333,1.667,0.667,0.0,0.333,0.458,0.056,0.333,0.333,-4.0
1631223,David Roddy,PHI,3,9.528,6.0,3.0,1.0,0.667,0.0,0.58,0.095,0.0,0.333,2.333
1631230,Dominick Barlow,ATL,35,10.714,4.229,2.429,0.543,0.257,0.457,0.395,0.171,0.174,0.143,-0.057
1631232,Keion Brooks Jr.,NOP,14,23.699,10.143,4.143,0.929,0.714,0.714,0.472,0.276,0.468,0.857,-10.357
1631243,Mouhamed Gueye,ATL,33,16.144,5.97,4.212,0.818,0.848,1.0,0.41,0.263,0.359,0.455,2.636
1631245,Quenton Jackson,IND,28,13.609,5.786,1.571,1.893,0.75,0.179,0.329,0.188,0.31,0.571,-0.036
1631246,Vince Williams Jr.,MEM,27,18.465,6.63,3.63,2.037,0.444,0.259,0.397,0.295,0.261,1.222,0.222
1631247,Luke Travers,CLE,12,7.322,1.0,1.667,0.667,0.083,0.083,0.13,0.0,0.083,0.667,-0.083
1631248,Baylor Scheierman,BOS,31,12.383,3.645,2.097,1.065,0.548,0.065,0.229,0.184,0.145,0.387,0.935
1631250,Pete Nance,MIL,6,11.622,3.833,1.833,1.167,0.167,0.333,0.236,0.093,0.0,0.667,-0.333
1631250,Pete Nance,PHI,7,9.776,2.143,1.429,0.429,0.143,0.0,0.333,0.321,0.071,0.0,-1.714
1631255,Karlo Matković,NOP,42,18.823,7.738,4.976,1.095,0.524,0.976,0.514,0.19,0.399,1.024,-2.119
1631260,AJ Green,MIL,73,22.728,7.411,2.384,1.479,0.507,0.096,0.412,0.397,0.128,0.548,3.11
1631288,Jamal Cain,NOP,37,13.562,5.297,2.297,0.595,0.622,0.243,0.323,0.246,0.286,0.595,-3.568
1631301,Jaylen Sims,CHA,6,18.635,7.0,1.0,2.0,0.5,0.167,0.48,0.4,0.653,1.333,-7.833
1631303,Justin Minaya,POR,19,5.299,0.947,0.526,0.368,0.316,0.053,0.153,0.035,0.0,0.263,-0.632
1631306,Cole Swider,DET,2,6.542,0.0,1.0,0.5,0.0,0.0,0.0,0.0,0.0,0.0,5.0
1631306,Cole Swider,TOR,8,19.552,7.375,3.125,0.25,0.5,0.25,0.385,0.355,0.0,0.5,5.5
1631311,Lester Quinones,NOP,9,18.489,8.556,1.667,2.556,0.333,0.222,0.348,0.36,0.361,1.111,-2.444
1631311,Lester Quinones,PHI,4,4.242,2.25,1.0,0.25,0.0,0.0,0.4,0.0,0.25,1.0,-1.0
1631321,Sidy Cissoko,POR,5,12.007,2.0,2.2,1.8,0.2,0.2,0.126,0.0,0.3,1.8,0.8
1631321,Sidy Cissoko,SAS,17,3.202,1.294,0.588,0.353,0.059,0.0,0.245,0.118,0.029,0.118,0.235
1631323,Simone Fontecchio,DET,75,16.489,5.947,2.867,0.867,0.413,0.16,0.373,0.29,0.37,0.72,0.213
1631342,Daeqwon Plowden,ATL,6,11.925,7.167,1.833,0.333,0.0,0.0,0.41,0.294,0.167,0.667,4.833
1631386,Taze Moore,POR,2,9.925,3.0,4.0,0.5,1.0,0.0,0.312,0.125,0.25,1.0,-3.5
1631466,Nate Williams,HOU,20,7.331,3.25,0.65,0.45,0.4,0.2,0.293,0.167,0.125,0.7,-1.2
1641705,Victor Wembanyama,SAS,46,33.201,24.261,11.0,3.652,1.13,3.826,0.467,0.339,0.741,3.239,2.217
1641706,Brandon Miller,CHA,27,34.206,21.037,4.852,3.63,1.074,0.741,0.407,0.359,0.716,2.815,-4.593
1641707,Taylor Hendricks,UTA,3,24.839,4.667,5.0,0.667,1.667,1.333,0.19,0.2,0.5,0.667,-7.333
1641708,Amen Thompson,HOU,69,32.252,14.058,8.174,3.841,1.406,1.29,0.55,0.153,0.594,2.0,3.884
1641709,Ausar Thompson,DET,59,22.504,10.068,5.136,2.271,1.661,0.678,0.53,0.116,0.48,1.356,1.136
1641710,Anthony Black,ORL,78,24.192,9.436,2.949,3.077,1.103,0.615,0.407,0.256,0.563,1.782,-0.513
1641711,Gradey Dick,TOR,54,29.396,14.389,3.574,1.815,0.889,0.185,0.4,0.347,0.674,1.537,-3.889
1641712,Rayan Rupert,POR,52,8.837,2.981,1.346,0.481,0.308,0.077,0.235,0.134,0.174,0.577,-1.654
1641713,GG Jackson,MEM,29,15.814,7.207,3.172,1.0,0.414,0.172,0.357,0.318,0.343,1.069,-2.345
1641715,Cam Whitmore,HOU,51,16.208,9.353,2.961,0.961,0.608,0.255,0.399,0.295,0.394,0.902,-0.02
1641716,Jarace Walker,IND,75,15.822,6.147,3.053,1.467,0.72,0.333,0.448,0.303,0.246,1.04,-1.947
1641717,Cason Wallace,OKC,68,27.592,8.353,3.368,2.544,1.765,0.515,0.467,0.361,0.221,0.868,5.426
1641718,Keyonte George,UTA,67,31.47,16.791,3.776,5.627,0.687,0.134,0.391,0.328,0.685,2.731,-7.642
1641720,Jalen Hood-Schifino,LAL,2,7.067,2.0,0.5,0.5,0.0,0.5,0.5,0.0,0.5,0.5,4.0
1641720,Jalen Hood-Schifino,PHI,13,23.119,7.846,2.0,2.769,0.385,0.462,0.34,0.261,0.442,1.308,-8.0
1641721,Maxwell Lewis,BKN,21,14.205,5.333,2.524,0.81,0.381,0.333,0.346,0.356,0.167,0.571,-2.048
1641721,Maxwell Lewis,LAL,7,4.198,0.571,0.286,0.286,0.143,0.0,0.095,0.0,0.0,0.286,-3.571
1641722,Jordan Hawkins,NOP,56,23.58,10.786,2.821,1.179,0.536,0.411,0.343,0.312,0.478,1.036,-5.661
1641723,Kobe Bufkin,ATL,10,12.364,5.3,2.1,1.7,0.3,0.2,0.416,0.145,0.45,0.8,-2.3
1641724,Jett Howard,ORL,60,11.685,4.45,1.167,0.733,0.217,0.183,0.332,0.245,0.104,0.6,-1.433
1641725,Trey Alexander,DEN,24,4.884,1.333,0.5,0.458,0.083,0.042,0.209,0.049,0.062,0.208,-1.042
1641726,Dereck Lively II,DAL,36,23.132,8.722,7.5,2.361,0.556,1.556,0.714,0.0,0.41,1.139,3.361
1641727,Dariq Whitehead,BKN,20,12.304,5.7,1.45,0.6,0.3,0.05,0.271,0.289,0.067,0.75,-3.2
1641729,Brice Sensabaugh,UTA,71,20.168,10.873,2.958,1.549,0.648,0.113,0.432,0.363,0.382,1.507,-4.014
1641730,Noah Clowney,BKN,46,22.658,9.13,3.935,0.87,0.522,0.457,0.349,0.29,0.488,1.0,-5.674
1641731,Bilal Coulibaly,WAS,59,33.009,12.322,4.983,3.373,1.322,0.695,0.411,0.252,0.664,2.119,-9.949
1641732,Colby Jones,SAC,24,5.408,1.083,0.958,0.292,0.25,0.292,0.292,0.146,0.0,0.292,0.167
1641732,Colby Jones,WAS,15,25.657,8.733,4.267,2.467,1.333,0.4,0.398,0.224,0.503,1.067,-7.733
1641733,Nick Smith Jr.,CHA,60,22.812,9.85,2.133,2.417,0.283,0.1,0.367,0.319,0.279,1.367,-6.633
1641734,Emoni Bates,CLE,10,7.478,3.7,0.7,0.8,0.1,0.1,0.201,0.272,0.0,0.2,-3.4
1641736,Reece Beekman,BKN,34,13.683,2.676,1.118,1.824,0.941,0.059,0.236,0.12,0.191,0.618,-3.441
1641736,Reece Beekman,GSW,2,2.042,1.0,0.5,0.5,0.5,0.0,0.5,0.0,0.0,0.0,0.0
1641737,Adem Bona,PHI,58,15.596,5.81,4.224,0.466,0.448,1.19,0.568,0.0,0.373,1.052,-1.931
1641738,Kobe Brown,LAC,40,6.806,1.925,1.625,0.6,0.175,0.1,0.331,0.133,0.1,0.3,-1.325
1641739,Toumani Camara,POR,78,32.667,11.308,5.769,2.244,1.487,0.641,0.454,0.348,0.386,1.397,-1.462
1641740,Jaylen Clark,MIN,40,13.05,4.075,1.325,0.65,0.9,0.05,0.365,0.265,0.201,0.2,1.1
1641741,Ricky Council IV,PHI,73,17.123,7.288,2.932,1.329,0.438,0.178,0.347,0.223,0.466,0.712,-2.178
1641744,Zach Edey,MEM,66,21.451,9.242,8.303,0.985,0.545,1.288,0.601,0.157,0.504,1.333,2.485
1641745,Adam Flagler,OKC,37,5.486,1.757,0.73,0.324,0.216,0.081,0.215,0.169,0.014,0.108,0.189
1641748,Andre Jackson Jr.,MIL,67,14.628,3.433,2.716,1.239,0.507,0.209,0.382,0.232,0.085,0.866,-0.493
1641752,Bobi Klintman,DET,8,5.298,1.875,0.875,0.875,0.25,0.125,0.094,0.062,0.062,0.125,0.0
1641753,Chris Livingston,MIL,21,5.039,1.429,1.667,0.238,0.238,0.0,0.194,0.0,0.262,0.286,-1.381
1641755,Kevin McCullar Jr.,NYK,4,7.292,1.5,2.0,0.5,0.25,0.25,0.188,0.0,0.25,0.0,-0.5
1641757,Jordan Miller,LAC,37,11.36,4.108,1.568,0.919,0.459,0.135,0.32,0.091,0.272,0.703,-1.703
1641763,Julian Phillips,CHI,79,14.214,4.633,2.139,0.494,0.481,0.253,0.432,0.269,0.292,0.342,0.38
1641764,Brandin Podziemski,GSW,64,26.818,11.672,5.078,3.438,1.078,0.203,0.408,0.337,0.407,1.172,4.078
1641765,Olivier-Maxence Prosper,DAL,52,11.232,3.865,2.423,0.769,0.5,0.115,0.3,0.119,0.277,0.269,-2.0
1641766,Adama Sanogo,CHI,4,5.375,2.0,1.5,0.25,0.0,0.0,0.5,0.0,0.0,0.25,-1.25
1641767,Ben Sheppard,IND,63,19.517,5.27,2.81,1.349,0.603,0.222,0.38,0.287,0.187,0.349,-0.937
1641772,Nae'Qwan Tomlin,CLE,5,12.68,7.2,4.2,0.4,0.0,0.2,0.509,0.05,0.45,0.4,1.4
1641774,Tristan Vukcevic,WAS,35,14.643,9.429,3.714,1.114,0.314,0.657,0.509,0.291,0.552,1.2,-3.571
1641775,Jordan Walsh,BOS,52,7.75,1.577,1.327,0.365,0.231,0.212,0.229,0.154,0.062,0.327,0.481
1641779,Jalen Bridges,PHX,8,3.797,1.125,0.5,0.0,0.0,0.0,0.25,0.25,0.188,0.5,0.875
1641783,Tristan da Silva,ORL,74,22.008,7.203,3.311,1.527,0.446,0.243,0.388,0.286,0.33,0.757,-1.716
1641787,Tosan Evbuomwan,BKN,28,23.748,9.536,4.286,1.964,0.857,0.357,0.402,0.295,0.595,1.393,-2.357
1641789,Jazian Gortman,DAL,16,3.539,1.5,0.312,0.375,0.125,0.062,0.286,0.167,0.062,0.312,0.688
1641790,PJ Hall,DEN,19,3.483,1.737,1.158,0.211,0.0,0.211,0.39,0.105,0.079,0.105,-0.105
1641794,Dillon Jones,OKC,54,10.213,2.5,2.241,1.074,0.296,0.074,0.206,0.111,0.137,0.519,1.389
1641796,Pelle Larsson,MIA,55,14.217,4.564,1.673,1.182,0.582,0.127,0.364,0.269,0.275,0.436,0.182
1641798,Jaylen Martin,BKN,3,1.567,1.0,0.0,0.0,0.0,0.0,0.333,0.333,0.0,0.0,0.333
1641798,Jaylen Martin,WAS,13,17.994,5.769,3.385,1.308,0.692,0.0,0.316,0.173,0.359,0.923,-10.154
1641801,Emanuel Miller,CHI,6,4.122,1.667,1.333,0.333,0.167,0.0,0.208,0.0,0.167,0.0,-1.333
1641803,Tristen Newton,IND,5,1.622,0.6,0.0,0.2,0.0,0.0,0.1,0.0,0.2,0.2,-0.6
1641803,Tristen Newton,MIN,3,2.678,0.0,1.333,0.333,0.333,0.0,0.0,0.0,0.0,0.333,-0.667
1641809,Drew Peterson,BOS,25,7.446,2.16,1.6,0.52,0.2,0.08,0.349,0.295,0.12,0.32,1.84
1641810,Antonio Reeves,NOP,44,14.99,6.932,1.432,0.886,0.477,0.091,0.44,0.331,0.266,0.682,-3.409
1641815,Isaiah Stevens,MIA,3,1.85,0.0,0.667,0.0,0.333,0.0,0.0,0.0,0.0,0.0,1.333
1641816,Hunter Tyson,DEN,51,7.842,2.627,1.529,0.392,0.196,0.118,0.279,0.25,0.206,0.275,-1.922
1641817,Anton Watson,NYK,9,2.463,0.889,0.333,0.222,0.111,0.0,0.389,0.0,0.0,0.222,-1.0
1641824,Matas Buzelis,CHI,80,18.891,8.6,3.475,0.988,0.362,0.938,0.412,0.324,0.44,0.925,-0.438
1641842,Ronald Holland II,DET,81,15.634,6.444,2.691,1.012,0.605,0.21,0.463,0.162,0.469,0.889,-0.679
1641854,Craig Porter Jr.,CLE,51,10.064,3.686,1.314,1.392,0.333,0.294,0.367,0.162,0.206,0.745,-0.882
1641857,Liam Robbins,MIL,13,4.382,0.692,0.923,0.154,0.154,0.154,0.115,0.0,0.135,0.462,-0.385
1641871,Duop Reath,POR,46,10.205,4.217,2.0,0.565,0.261,0.304,0.357,0.231,0.167,0.348,-1.196
1641878,Damion Baugh,CHA,15,24.699,7.267,3.333,3.733,1.0,0.133,0.334,0.193,0.3,2.067,-11.267
1641879,Yuri Collins,GSW,2,8.15,1.0,1.5,2.0,1.0,0.0,0.166,0.0,0.0,0.0,-2.5
1641890,Tyler Smith,MIL,23,5.286,2.913,1.087,0.174,0.13,0.174,0.394,0.216,0.087,0.348,0.348
1641936,Miles Norris,BOS,3,11.639,2.333,3.0,0.0,0.667,0.333,0.111,0.167,0.167,0.0,-4.667
1641989,Elijah Harkless,UTA,10,13.8,3.2,2.1,0.8,1.0,0.1,0.175,0.126,0.15,0.3,3.1
1641998,Trey Jemison III,LAL,22,10.263,2.591,2.773,0.273,0.091,0.409,0.484,0.0,0.114,0.636,0.0
1641998,Trey Jemison III,NOP,16,10.39,2.375,2.75,0.625,0.438,0.375,0.432,0.0,0.203,0.625,-1.125
1642024,Alex Reese,OKC,1,1.883,2.0,1.0,0.0,0.0,0.0,1.0,0.0,0.0,0.0,3.0
1642024,Alex Reese,PHI,14,15.297,5.286,3.286,0.286,0.714,0.714,0.53,0.4,0.393,0.429,1.143
1642050,Jackson Rowe,GSW,6,8.622,3.667,1.833,0.667,0.667,0.0,0.556,0.278,0.25,0.167,3.833
1642258,Zaccharie Risacher,ATL,75,24.578,12.56,3.573,1.227,0.693,0.493,0.442,0.315,0.469,1.227,-1.613
1642259,Alex Sarr,WAS,67,27.078,12.97,6.493,2.403,0.657,1.507,0.393,0.289,0.487,1.701,-8.149
1642261,Dalton Knecht,LAL,78,19.151,9.051,2.769,0.846,0.308,0.103,0.437,0.341,0.304,0.474,-0.936
1642262,Cody Williams,UTA,50,21.192,4.6,2.26,1.18,0.46,0.32,0.293,0.231,0.248,0.88,-6.78
1642263,Reed Sheppard,HOU,52,12.584,4.404,1.5,1.442,0.673,0.327,0.304,0.253,0.125,0.712,-0.962
1642264,Stephon Castle,SAS,81,26.692,14.691,3.667,4.099,0.914,0.272,0.411,0.268,0.621,2.185,-2.951
1642265,Rob Dillingham,MIN,49,10.53,4.469,1.02,2.0,0.408,0.02,0.33,0.192,0.071,1.082,0.388
1642266,Ja'Kobe Walter,TOR,52,21.216,8.635,3.077,1.558,0.827,0.192,0.396,0.279,0.425,0.962,-1.596
1642267,Bub Carrington,WAS,82,29.973,9.841,4.159,4.439,0.659,0.256,0.393,0.317,0.365,1.72,-9.732
1642268,Isaiah Collier,UTA,71,25.903,8.662,3.31,6.282,0.93,0.225,0.399,0.179,0.41,2.93,-5.676
1642269,Devin Carter,SAC,36,10.998,3.833,2.111,1.139,0.583,0.111,0.263,0.212,0.301,0.5,1.194
1642270,Donovan Clingan,POR,67,19.756,6.507,7.866,1.149,0.507,1.642,0.526,0.153,0.317,1.075,-0.03
1642271,Kyle Filipowski,UTA,72,21.132,9.583,6.111,1.944,0.667,0.306,0.489,0.279,0.42,1.417,-5.083
1642272,Jared McCain,PHI,23,25.73,15.304,2.435,2.609,0.652,0.0,0.441,0.328,0.525,1.609,-1.174
1642273,Kyshawn George,WAS,68,26.503,8.676,4.191,2.485,1.0,0.735,0.345,0.293,0.335,1.426,-5.309
1642274,Yves Missi,NOP,73,26.792,9.11,8.233,1.356,0.507,1.342,0.53,0.0,0.45,1.123,-7.041
1642275,Tidjane Salaün,CHA,60,20.739,5.883,4.667,1.233,0.483,0.233,0.349,0.284,0.352,0.967,-5.35
1642276,Kel'el Ware,MIA,64,22.226,9.297,7.391,0.938,0.609,1.109,0.533,0.203,0.256,0.891,0.609
1642277,Johnny Furphy,IND,50,7.59,2.06,1.42,0.38,0.36,0.22,0.203,0.134,0.149,0.24,0.44
1642278,Tyler Kolek,NYK,41,7.223,1.976,0.659,1.707,0.293,0.098,0.286,0.181,0.126,0.439,-0.024
1642279,Ulrich Chomche,TOR,7,4.596,0.714,1.143,0.286,0.0,0.143,0.286,0.0,0.071,0.286,-3.429
1642280,Trentyn Flowers,LAC,6,4.419,1.833,0.667,0.0,0.0,0.0,0.074,0.0,0.333,0.167,-1.0
1642281,Jaylon Tyson,CLE,47,9.637,3.553,2.043,0.936,0.277,0.064,0.293,0.216,0.186,0.553,-0.043
1642285,Cam Spencer,MEM,25,10.09,4.24,1.2,1.36,0.36,0.04,0.292,0.209,0.32,0.24,1.6
1642345,Oso Ighodaro,PHX,61,17.14,4.18,3.639,1.164,0.459,0.475,0.51,0.0,0.187,0.639,-0.344
1642346,Ryan Dunn,PHX,74,19.06,6.905,3.608,0.77,0.595,0.541,0.383,0.257,0.126,0.541,-2.284
1642347,Jamal Shead,TOR,75,19.558,7.107,1.533,4.213,0.773,0.133,0.413,0.317,0.34,1.56,-3.12
1642348,Justin Edwards,PHI,44,26.244,10.114,3.364,1.568,1.023,0.364,0.439,0.32,0.243,1.114,-6.364
1642349,Ajay Mitchell,OKC,36,16.582,6.5,1.889,1.778,0.694,0.111,0.449,0.331,0.407,0.806,3.528
1642352,Keshad Johnson,MIA,16,6.133,2.688,1.75,0.25,0.312,0.25,0.255,0.104,0.141,0.25,0.312
1642353,Cam Christie,LAC,13,4.511,1.385,0.923,0.462,0.385,0.077,0.191,0.058,0.077,0.154,-0.769
1642354,KJ Simpson,CHA,36,23.391,7.833,3.028,3.111,0.944,0.167,0.315,0.21,0.421,1.556,-7.722
1642355,Bronny James,LAL,27,6.713,2.296,0.667,0.815,0.333,0.111,0.244,0.18,0.204,0.481,-2.63
1642358,AJ Johnson,MIL,7,6.25,2.857,1.0,1.0,0.143,0.0,0.298,0.214,0.071,0.571,1.857
1642358,AJ Johnson,WAS,22,27.029,9.091,2.364,3.136,0.5,0.136,0.419,0.237,0.526,1.409,-7.5
1642359,Pacôme Dadiet,NYK,18,6.177,1.667,1.0,0.278,0.167,0.111,0.196,0.13,0.093,0.222,-0.889
1642366,Quinten Post,GSW,42,16.328,8.095,3.524,1.333,0.381,0.429,0.427,0.349,0.286,0.786,1.024
1642367,Jonathan Mogbo,TOR,63,20.407,6.175,4.937,2.317,0.873,0.54,0.426,0.161,0.345,1.111,-3.825
1642368,N'Faly Dante,HOU,4,12.654,6.0,5.25,0.5,0.25,1.25,0.867,0.0,0.417,0.5,-2.75
1642377,Jaylen Wells,MEM,79,25.867,10.418,3.392,1.709,0.557,0.101,0.413,0.319,0.47,0.873,2.354
1642382,Branden Carlson,OKC,32,7.7,3.812,1.688,0.438,0.156,0.656,0.413,0.315,0.182,0.219,1.281
1642384,Isaiah Crawford,SAC,15,3.044,0.867,0.533,0.067,0.067,0.133,0.2,0.067,0.067,0.067,1.533
1642385,Cui Cui,BKN,5,2.064,0.6,0.4,0.0,0.0,0.0,0.033,0.0,0.1,0.0,0.4
1642389,Zyon Pullin,MEM,3,0.867,0.0,0.0,0.0,0.0,0.0,0.0,0.0,0.0,0.0,0.333
1642399,Jesse Edwards,MIN,2,2.333,0.0,0.0,0.5,0.0,0.0,0.0,0.0,0.0,0.0,-5.0
1642402,Enrique Freeman,IND,22,8.237,2.091,1.364,0.409,0.136,0.136,0.341,0.023,0.25,0.273,-0.864
1642403,Isaac Jones,SAC,40,7.597,3.35,1.425,0.3,0.125,0.25,0.474,0.062,0.229,0.4,-1.6
1642419,Jamison Battle,TOR,59,17.656,7.102,2.678,0.898,0.288,0.169,0.405,0.361,0.144,0.458,-3.102
1642422,Armel Traore,LAL,9,7.407,1.556,1.667,0.111,0.444,0.222,0.356,0.0,0.044,0.333,-5.444
1642434,Riley Minix,SAS,1,6.75,0.0,2.0,0.0,0.0,0.0,0.0,0.0,0.0,0.0,0.0
1642439,Quincy Olivari,LAL,2,5.15,1.5,0.0,0.5,0.0,0.0,0.166,0.166,0.0,0.5,-9.0
1642443,Jahmir Young,CHI,6,4.944,1.833,0.5,1.0,0.0,0.0,0.5,0.167,0.167,0.167,-1.167
1642449,Tolu Smith,DET,1,22.35,14.0,8.0,0.0,0.0,0.0,0.667,0.0,0.667,2.0,7.0
1642450,Daniss Jenkins,DET,7,3.25,1.0,0.286,0.429,0.0,0.0,0.179,0.143,0.0,0.143,-1.286
1642461,Spencer Jones,DEN,20,6.231,1.3,0.85,0.25,0.25,0.25,0.125,0.025,0.1,0.25,-2.25
1642484,RayJ Dennis,IND,11,6.398,2.727,1.091,1.273,0.636,0.182,0.182,0.158,0.091,0.455,4.0
1642502,Malevy Leons,OKC,6,3.494,0.333,0.5,0.167,0.0,0.0,0.0,0.0,0.167,0.167,-3.0
1642505,Alex Ducas,OKC,21,5.969,1.714,1.238,0.238,0.238,0.0,0.286,0.286,0.048,0.19,-1.048
1642530,Yuki Kawamura,MEM,22,4.212,1.636,0.545,0.864,0.091,0.0,0.152,0.095,0.136,0.227,1.227
